{
 "type": "itemTurret",
 "name": "chaos turret",
 "health": 300,
 "size": 1,
 "requirements": [
        {"item": "copper", "amount": 100},
        {"item": "lead", "amount": 50},
        {"item": "silicon", "amount": 50}
 ],
 "targetAir": true,
 "targetGround": true,
 "reload": 12,
 "range": 200,
 "shootCone": 1,
 "rotateSpeed": 6,
 "shootSound": "none",
 "ammoTypes": {
  "lead": {
   "type": "SapBulletType",
      "damage": 20,
      "pierceArmor": true,
      "ammoMultiplier": 5,
      "length": 200,
      "width": 1,
      "lifetime": 20,
      "color": "bc5452",
      "hitColor": "bc5452",
  }
 },
  "research": "arc",
  "category": "turret"
}