{
 "type": "GenericCrafter",
 "name": "simple processor crafter",
 "size": 2,
 "health": 100,
 "category": "crafting",
 "hasItems": true,
 "requirements": [
    {"item": "copper", "amount": 50},
    {"item": "lead", "amount": 20},
    ],
 "consumes": {
    "items": [
     {"item": "copper", "amount": 1},
     {"item": "lead", "amount": 2},
    ]
   }
 "craftTime": 60,
 "itemCapacity": 20,
 "outputItem": { "item": "processor-1-444", "amount": 1}
 "research": "mechanical-drill"
}